"county","key","val"
"Alameda","p10",0.000495047541748569
"Alpine","p10",0.000861326442721792
"Amador","p10",0.000237554769571874
"Butte","p10",0.00033644162965051
"Calaveras","p10",0.000395882818685669
"Colusa","p10",0.000279889909968746
"Contra Costa","p10",0.000852224143500485
"Del Norte","p10",0.000245046558846181
"El Dorado","p10",0.000706651355887289
"Fresno","p10",0.000233895791914287
"Glenn","p10",0.000106659082020834
"Humboldt","p10",0.000399973335110993
"Imperial","p10",0.000228942970306097
"Inyo","p10",0.000270109664523797
"Kern","p10",0.000453034259378166
"Kings","p10",0.000269081840257269
"Lake","p10",0.00012358075229783
"Lassen","p10",0.000114840228532055
"Los Angeles","p10",0.000622808387370122
"Madera","p10",0.000264925224855285
"Marin","p10",0.00120203713662101
"Mariposa","p10",0.000328281446626908
"Mendocino","p10",0.000466975705873643
"Merced","p10",0.000307727065569237
"Modoc","p10",0.00010315659170621
"Mono","p10",0.000841691800519043
"Monterey","p10",0.000530774089578335
"Napa","p10",0.000409479449250141
"Nevada","p10",0.000566858993825286
"Orange","p10",0.000668618794754924
"Placer","p10",0.000648532516620431
"Plumas","p10",0.000150647785477553
"Riverside","p10",0.000338393950515449
"Sacramento","p10",0.000351770071824413
"San Benito","p10",0.000342243677498379
"San Bernardino","p10",0.00031506511018949
"San Diego","p10",0.000581333147719202
"San Joaquin","p10",0.000333271724149975
"San Luis Obispo","p10",0.00114899074135848
"San Mateo","p10",0.000762818900679312
"Santa Barbara","p10",0.00356645318234641
"Santa Clara","p10",0.000686994692168149
"Santa Cruz","p10",0.00090443744371017
"Shasta","p10",0.000389227974773514
"Sierra","p10",0.00031055900621118
"Siskiyou","p10",0.000155770172237305
"Solano","p10",0.000379257283793153
"Sonoma","p10",0.000571422677434993
"Stanislaus","p10",0.000339710178687554
"Tehama","p10",0.000188800956591513
"Trinity","p10",0.000218102508178844
"Tulare","p10",0.000404091482699692
"Tuolumne","p10",0.000199311469469107
"Ventura","p10",0.00157072441179643
"Yolo","p10",0.000561984950739284
"Yuba","p10",0.00015204290374302
"Alameda","p11",0.000484677464130928
"Alpine","p11",0
"Amador","p11",0.000266361239112484
"Butte","p11",0.000281850210251165
"Calaveras","p11",0.000354295837023915
"Colusa","p11",0.000328284012568588
"Contra Costa","p11",0.000773389397807479
"Del Norte","p11",0.000140632141475934
"El Dorado","p11",0.000696378830083565
"Fresno","p11",0.000223545517060781
"Glenn","p11",0.000142151462383169
"Humboldt","p11",0.000332734411392826
"Imperial","p11",0.000255993082498037
"Inyo","p11",0.000108742931709439
"Kern","p11",0.000431619043126526
"Kings","p11",0.000289725287749888
"Lake","p11",9.33837605640379e-05
"Lassen","p11",8.76014717047246e-05
"Los Angeles","p11",0.000614895060812139
"Madera","p11",0.000257128729190704
"Marin","p11",0.00101027504542322
"Mariposa","p11",0.000275178866263071
"Mendocino","p11",0.000458011770902512
"Merced","p11",0.0003432357489674
"Modoc","p11",0.000210327058576086
"Mono","p11",0.000832062127305505
"Monterey","p11",0.000508971212207698
"Napa","p11",0.000421233050816684
"Nevada","p11",0.000567370138093839
"Orange","p11",0.000646384004570273
"Placer","p11",0.000597763858018455
"Plumas","p11",0.000152137532329226
"Riverside","p11",0.000328995958049658
"Sacramento","p11",0.000348740697341898
"San Benito","p11",0.000339425121031852
"San Bernardino","p11",0.000308128726962525
"San Diego","p11",0.000567074127011854
"San Joaquin","p11",0.000299559014566057
"San Luis Obispo","p11",0.00104774623881236
"San Mateo","p11",0.000698845600430566
"Santa Barbara","p11",0.00315663539803457
"Santa Clara","p11",0.000673269118911467
"Santa Cruz","p11",0.000853287421939303
"Shasta","p11",0.000366015721783003
"Sierra","p11",0.000322788896061975
"Siskiyou","p11",0.000224139863274683
"Solano","p11",0.000374691959975213
"Sonoma","p11",0.000549832690836053
"Stanislaus","p11",0.000313007187572455
"Tehama","p11",9.47403325385672e-05
"Trinity","p11",0.000219218122031421
"Tulare","p11",0.000371544191376594
"Tuolumne","p11",0.000255334670800657
"Ventura","p11",0.00150584448360979
"Yolo","p11",0.000589243094962219
"Yuba","p11",0.000151747161638318
"Alameda","p12",0.000467896025393818
"Alpine","p12",0
"Amador","p12",0.000161707632600259
"Butte","p12",0.000267126667843835
"Calaveras","p12",0.00031239540332478
"Colusa","p12",0.000469836496899079
"Contra Costa","p12",0.00071551336924202
"Del Norte","p12",0.000106420716566158
"El Dorado","p12",0.000636854492593105
"Fresno","p12",0.000232793147416261
"Glenn","p12",0.00014362141395282
"Humboldt","p12",0.000282376720268704
"Imperial","p12",0.000181226107886167
"Inyo","p12",0.000217971772655441
"Kern","p12",0.00038308071873909
"Kings","p12",0.000298031008470704
"Lake","p12",0.000109453669825187
"Lassen","p12",5.94724791102917e-05
"Los Angeles","p12",0.000609237195375112
"Madera","p12",0.000211183485451438
"Marin","p12",0.000898223470188744
"Mariposa","p12",0.000167775851462446
"Mendocino","p12",0.000526991109889103
"Merced","p12",0.000348836763561508
"Modoc","p12",0.000213880868356326
"Mono","p12",0.000558230409601563
"Monterey","p12",0.00049671836304227
"Napa","p12",0.000447530641412464
"Nevada","p12",0.000580820689444348
"Orange","p12",0.000613046885253997
"Placer","p12",0.000577355987153829
"Plumas","p12",0.000103215151984311
"Riverside","p12",0.000326817040833114
"Sacramento","p12",0.000332213956862018
"San Benito","p12",0.000300358663580629
"San Bernardino","p12",0.000307690526989957
"San Diego","p12",0.000557282076403404
"San Joaquin","p12",0.0002787334921876
"San Luis Obispo","p12",0.000919171286839802
"San Mateo","p12",0.000635801867904722
"Santa Barbara","p12",0.00284385116092893
"Santa Clara","p12",0.000653479902908448
"Santa Cruz","p12",0.000754674476233386
"Shasta","p12",0.000387912860154603
"Sierra","p12",0.00032605151613955
"Siskiyou","p12",0.00022686540075773
"Solano","p12",0.000331209462582862
"Sonoma","p12",0.000502047988440651
"Stanislaus","p12",0.000313206154981323
"Tehama","p12",7.9098905271151e-05
"Trinity","p12",0.00022240343983987
"Tulare","p12",0.00033127380335676
"Tuolumne","p12",0.000276645580125782
"Ventura","p12",0.00137249914818672
"Yolo","p12",0.000606131706554043
"Yuba","p12",0.00019237639816418
"Alameda","p13",0.000488100415740004
"Alpine","p13",0
"Amador","p13",0.000163844893500819
"Butte","p13",0.000248149033797898
"Calaveras","p13",0.000313514723995073
"Colusa","p13",0.000423529411764706
"Contra Costa","p13",0.000681360269471127
"Del Norte","p13",0.000143802128271498
"El Dorado","p13",0.000611634275764405
"Fresno","p13",0.000249076734551462
"Glenn","p13",0.000107878744291416
"Humboldt","p13",0.000252970543812266
"Imperial","p13",0.000192702252349267
"Inyo","p13",0.000326850792613172
"Kern","p13",0.000373549883990719
"Kings","p13",0.000305979233322469
"Lake","p13",9.40497836854975e-05
"Lassen","p13",0.000248996233931962
"Los Angeles","p13",0.000601652201794869
"Madera","p13",0.000198189865891524
"Marin","p13",0.000816535027804759
"Mariposa","p13",0
"Mendocino","p13",0.000470972040342776
"Merced","p13",0.000316762458687306
"Modoc","p13",0.000109349371241115
"Mono","p13",0.000497618539845027
"Monterey","p13",0.000506196216651981
"Napa","p13",0.000515833213927497
"Nevada","p13",0.000408421654516122
"Orange","p13",0.000615146781751719
"Placer","p13",0.000541874887109399
"Plumas","p13",0.000158772161947605
"Riverside","p13",0.000322728057881146
"Sacramento","p13",0.000320446621621158
"San Benito","p13",0.000314470902706197
"San Bernardino","p13",0.000301526164116658
"San Diego","p13",0.00053866821527288
"San Joaquin","p13",0.000246422599088949
"San Luis Obispo","p13",0.000816116302013812
"San Mateo","p13",0.000626451758539579
"Santa Barbara","p13",0.00265761008373197
"Santa Clara","p13",0.00067562318335856
"Santa Cruz","p13",0.000610082733170645
"Shasta","p13",0.000302695673133517
"Sierra","p13",0.000330250990752972
"Siskiyou","p13",0.00020674446384269
"Solano","p13",0.000323373278981445
"Sonoma","p13",0.000497902131871201
"Stanislaus","p13",0.00033240933726366
"Tehama","p13",7.95228628230616e-05
"Trinity","p13",0.000223430401429955
"Tulare","p13",0.000333731158555452
"Tuolumne","p13",0.000240754115969406
"Ventura","p13",0.00124442811190547
"Yolo","p13",0.000572004731157776
"Yuba","p13",0.000191544670953619
"Alameda","p14",0.000539248858061242
"Alpine","p14",0
"Amador","p14",0.000190600664379459
"Butte","p14",0.00025948925356574
"Calaveras","p14",0.00035817420697992
"Colusa","p14",0.00028333962976955
"Contra Costa","p14",0.000687182335987072
"Del Norte","p14",0.000147194112235511
"El Dorado","p14",0.000573432072875025
"Fresno","p14",0.000251934534498895
"Glenn","p14",0.000107793467715856
"Humboldt","p14",0.000237928829538864
"Imperial","p14",0.000224751930057199
"Inyo","p14",0.000382680953422261
"Kern","p14",0.000354358610914245
"Kings","p14",0.000307702598749122
"Lake","p14",7.80713259634002e-05
"Lassen","p14",0.000284234461849419
"Los Angeles","p14",0.000584955964459219
"Madera","p14",0.000221561880930039
"Marin","p14",0.000760488402551861
"Mariposa","p14",5.64525234277972e-05
"Mendocino","p14",0.000355402694181714
"Merced","p14",0.000283640736860816
"Modoc","p14",0.000110277900308778
"Mono","p14",0.000424508277911419
"Monterey","p14",0.000478440982554408
"Napa","p14",0.000534169011075104
"Nevada","p14",0.00046666396136834
"Orange","p14",0.000612178905926909
"Placer","p14",0.000517310958054477
"Plumas","p14",0.000107399849640211
"Riverside","p14",0.000323811546860712
"Sacramento","p14",0.000316627986523987
"San Benito","p14",0.000397751837440553
"San Bernardino","p14",0.000305357184540066
"San Diego","p14",0.000523873326075441
"San Joaquin","p14",0.000250147910492018
"San Luis Obispo","p14",0.000722431683481474
"San Mateo","p14",0.000636552368978505
"Santa Barbara","p14",0.00227767085378492
"Santa Clara","p14",0.000705694665212636
"Santa Cruz","p14",0.000664547498532458
"Shasta","p14",0.0002963476549395
"Sierra","p14",0.000336473755047106
"Siskiyou","p14",0.000230744381374314
"Solano","p14",0.000321673822743738
"Sonoma","p14",0.000479380616174583
"Stanislaus","p14",0.000357944376580211
"Tehama","p14",0.00012738650658429
"Trinity","p14",0.000228519195612431
"Tulare","p14",0.000353738866014264
"Tuolumne","p14",0.000334255631278899
"Ventura","p14",0.0011919786013722
"Yolo","p14",0.000604612328333285
"Yuba","p14",0.000176791372581018
"Alameda","p15",0.000582427572806506
"Alpine","p15",0
"Amador","p15",0.00010801760686992
"Butte","p15",0.000204780284110385
"Calaveras","p15",0.000244634715890137
"Colusa","p15",0.00018840374923461
"Contra Costa","p15",0.000707040612590659
"Del Norte","p15",0.000110334681868334
"El Dorado","p15",0.000552638850511191
"Fresno","p15",0.000258899542851485
"Glenn","p15",0.000108096422008432
"Humboldt","p15",0.000236858077600628
"Imperial","p15",0.000285016514192146
"Inyo","p15",0.000552242102937928
"Kern","p15",0.000336746074054457
"Kings","p15",0.00031315587833561
"Lake","p15",0.000108932461873638
"Lassen","p15",0.000319938571794216
"Los Angeles","p15",0.000587779423278128
"Madera","p15",0.000214877324581966
"Marin","p15",0.000812522037743948
"Mariposa","p15",0.000113494495516967
"Mendocino","p15",0.000287003340718886
"Merced","p15",0.000259054713106291
"Modoc","p15",0
"Mono","p15",0.000355189315905378
"Monterey","p15",0.000432003567513332
"Napa","p15",0.000496940267779813
"Nevada","p15",0.000354696177388625
"Orange","p15",0.000631572930955647
"Placer","p15",0.000517646932606661
"Plumas","p15",0
"Riverside","p15",0.000326112533975384
"Sacramento","p15",0.000325372203037611
"San Benito","p15",0.000377902981998076
"San Bernardino","p15",0.000322395978842882
"San Diego","p15",0.000510538427541643
"San Joaquin","p15",0.000274135331475305
"San Luis Obispo","p15",0.000674814426032841
"San Mateo","p15",0.000671847122102333
"Santa Barbara","p15",0.00202836087185598
"Santa Clara","p15",0.000759803473909152
"Santa Cruz","p15",0.000683721933580253
"Shasta","p15",0.000330876992272059
"Sierra","p15",0
"Siskiyou","p15",0.000184953992694317
"Solano","p15",0.000283796598593938
"Sonoma","p15",0.000455214300117996
"Stanislaus","p15",0.000371335175005767
"Tehama","p15",0.000110833148611419
"Trinity","p15",0.000229112570643043
"Tulare","p15",0.000328111978055871
"Tuolumne","p15",0.000354378438869719
"Ventura","p15",0.0011291058663848
"Yolo","p15",0.000674410598150323
"Yuba","p15",0.00020257951245864
"Alameda","p16",0.000525152185105545
"Alpine","p16",0
"Amador","p16",8.01517539875498e-05
"Butte","p16",0.00016354964615813
"Calaveras","p16",0.000264772075371784
"Colusa","p16",4.65202828433197e-05
"Contra Costa","p16",0.000610234351094025
"Del Norte","p16",0.000109561025491199
"El Dorado","p16",0.000489310448660042
"Fresno","p16",0.000234431784445605
"Glenn","p16",0.000179597701149425
"Humboldt","p16",0.000234793455132438
"Imperial","p16",0.000260851708578691
"Inyo","p16",0.00050217609641781
"Kern","p16",0.00029403216870862
"Kings","p16",0.000240992890709724
"Lake","p16",0.000109541023113156
"Lassen","p16",0.000195306142378178
"Los Angeles","p16",0.000518716748989779
"Madera","p16",0.000201356231650601
"Marin","p16",0.000686976612092323
"Mariposa","p16",0.000114573785517874
"Mendocino","p16",0.000206221000171851
"Merced","p16",0.000250347497272333
"Modoc","p16",0
"Mono","p16",0.000210187066489175
"Monterey","p16",0.000391747493392142
"Napa","p16",0.000390514058506106
"Nevada","p16",0.000283077047506395
"Orange","p16",0.000561455880057605
"Placer","p16",0.000424866008872047
"Plumas","p16",0
"Riverside","p16",0.000301670405334944
"Sacramento","p16",0.000303774949751388
"San Benito","p16",0.000371464753060363
"San Bernardino","p16",0.000290343158408225
"San Diego","p16",0.000458245376939338
"San Joaquin","p16",0.000253817843394391
"San Luis Obispo","p16",0.00054293247410425
"San Mateo","p16",0.000582102496920196
"Santa Barbara","p16",0.00142458477742269
"Santa Clara","p16",0.000680886635745874
"Santa Cruz","p16",0.000586743246986108
"Shasta","p16",0.000246400591361419
"Sierra","p16",0
"Siskiyou","p16",0.000230542235337514
"Solano","p16",0.000264322400411978
"Sonoma","p16",0.000386033545121153
"Stanislaus","p16",0.000320812973454117
"Tehama","p16",0.000126077569224465
"Trinity","p16",0.000155908949173683
"Tulare","p16",0.000328807691051422
"Tuolumne","p16",0.000297563697228938
"Ventura","p16",0.000885140613437851
"Yolo","p16",0.000519415472088375
"Yuba","p16",0.00016010246557797
"Alameda","p17",0.000548128052350445
"Alpine","p17",0
"Amador","p17",0.000155726855096161
"Butte","p17",0.000188022527722391
"Calaveras","p17",0.000284582211422692
"Colusa","p17",4.63413503869503e-05
"Contra Costa","p17",0.000658207736996251
"Del Norte","p17",7.31234689773683e-05
"El Dorado","p17",0.00045580059254077
"Fresno","p17",0.000231416165434139
"Glenn","p17",0.000143235694335028
"Humboldt","p17",0.000234420212882856
"Imperial","p17",0.000242225390726071
"Inyo","p17",0.000279829863443027
"Kern","p17",0.000288497513962829
"Kings","p17",0.000287308321918952
"Lake","p17",0.000109185631170938
"Lassen","p17",0.00019404915912031
"Los Angeles","p17",0.000515751093830772
"Madera","p17",0.000167285408208566
"Marin","p17",0.000743024997208844
"Mariposa","p17",0.00017227518088894
"Mendocino","p17",0.00026262903078469
"Merced","p17",0.00029509841532151
"Modoc","p17",0
"Mono","p17",0.000209000975337885
"Monterey","p17",0.000416538176529339
"Napa","p17",0.000421796136633352
"Nevada","p17",0.000352229613453159
"Orange","p17",0.000562645682229942
"Placer","p17",0.000488165872531581
"Plumas","p17",0
"Riverside","p17",0.000301039684235459
"Sacramento","p17",0.00030445864960476
"San Benito","p17",0.000349045941094342
"San Bernardino","p17",0.000300333109400752
"San Diego","p17",0.000467596862253431
"San Joaquin","p17",0.00026369037368693
"San Luis Obispo","p17",0.000559329654029829
"San Mateo","p17",0.000611262048039995
"Santa Barbara","p17",0.0016393516252038
"Santa Clara","p17",0.000712027363377162
"Santa Cruz","p17",0.000633058765317111
"Shasta","p17",0.000250858493511127
"Sierra","p17",0
"Siskiyou","p17",0.000320938975746183
"Solano","p17",0.000263804054465391
"Sonoma","p17",0.000386093470442953
"Stanislaus","p17",0.000332282634836071
"Tehama","p17",0.000140961987250771
"Trinity","p17",7.85792865000786e-05
"Tulare","p17",0.00035906798065359
"Tuolumne","p17",0.000222321031569586
"Ventura","p17",0.000949302980764248
"Yolo","p17",0.000553834042027307
"Yuba","p17",0.000130585807934394
"Alameda","p18",0.00057656909589646
"Alpine","p18",0
"Amador","p18",0.000253774901662226
"Butte","p18",0.000191022796834231
"Calaveras","p18",0.00024071075320583
"Colusa","p18",0.000140069100756373
"Contra Costa","p18",0.000675347386701132
"Del Norte","p18",0.000108147080028839
"El Dorado","p18",0.000424648485420402
"Fresno","p18",0.000239931448157669
"Glenn","p18",0.000107269281653377
"Humboldt","p18",0.000300930683186049
"Imperial","p18",0.000286465076050969
"Inyo","p18",0.000222890894906943
"Kern","p18",0.000308808424651863
"Kings","p18",0.00025762640208215
"Lake","p18",9.32879332058398e-05
"Lassen","p18",0.000195963158926122
"Los Angeles","p18",0.000515291685270837
"Madera","p18",0.000191226526943818
"Marin","p18",0.000812594834823732
"Mariposa","p18",0.000172364263142775
"Mendocino","p18",0.000308920950561206
"Merced","p18",0.000317343361869918
"Modoc","p18",0.000113636363636364
"Mono","p18",0.000138859959730612
"Monterey","p18",0.000380228136882129
"Napa","p18",0.000403490190144752
"Nevada","p18",0.000361779957390361
"Orange","p18",0.000571163545785811
"Placer","p18",0.00043840644355517
"Plumas","p18",5.33589456272344e-05
"Riverside","p18",0.000305422912606116
"Sacramento","p18",0.000306743283166942
"San Benito","p18",0.000422991198529292
"San Bernardino","p18",0.000301834126917097
"San Diego","p18",0.000461326971940342
"San Joaquin","p18",0.000252494714222496
"San Luis Obispo","p18",0.000578781312421917
"San Mateo","p18",0.000606233274921586
"Santa Barbara","p18",0.00173852573018081
"Santa Clara","p18",0.00074986919983419
"Santa Cruz","p18",0.000686529774577218
"Shasta","p18",0.000217017511643824
"Sierra","p18",0
"Siskiyou","p18",0.00034443168771527
"Solano","p18",0.000307364406304336
"Sonoma","p18",0.000381034126619646
"Stanislaus","p18",0.000333864841295615
"Tehama","p18",0.000124964853634915
"Trinity","p18",0.000318293944457707
"Tulare","p18",0.00033578065774265
"Tuolumne","p18",0.000220640961994594
"Ventura","p18",0.000977430666091291
"Yolo","p18",0.000508817997619459
"Yuba","p18",0.000128937426666839
"Alameda","p19",0.000634225816700362
"Alpine","p19",0
"Amador","p19",0.000327027570939827
"Butte","p19",0.000310238792623616
"Calaveras","p19",0.000348545910031587
"Colusa","p19",0.000185640692439783
"Contra Costa","p19",0.00080882442181624
"Del Norte","p19",0.000143822810297713
"El Dorado","p19",0.000461515325938717
"Fresno","p19",0.000291261844398114
"Glenn","p19",0.00021131969147325
"Humboldt","p19",0.000287699730004869
"Imperial","p19",0.000364208260905554
"Inyo","p19",0.00027717722711902
"Kern","p19",0.000375471283112013
"Kings","p19",0.000326925591735321
"Lake","p19",0.000186375920231106
"Lassen","p19",0.000163542995453505
"Los Angeles","p19",0.000594176354530338
"Madera","p19",0.000247891334608808
"Marin","p19",0.000946581873536662
"Mariposa","p19",0.000174388188106726
"Mendocino","p19",0.000299715270493032
"Merced","p19",0.000360126764621147
"Modoc","p19",0.000113109376767334
"Mono","p19",0.00027693159789532
"Monterey","p19",0.000481499144129512
"Napa","p19",0.000515448948774538
"Nevada","p19",0.000300736805172673
"Orange","p19",0.00063797118864172
"Placer","p19",0.000474482149178192
"Plumas","p19",0.000106343382783006
"Riverside","p19",0.000329886591870785
"Sacramento","p19",0.000344703612880447
"San Benito","p19",0.000541332314354859
"San Bernardino","p19",0.000350903749165744
"San Diego","p19",0.000505042940631993
"San Joaquin","p19",0.000316211549462834
"San Luis Obispo","p19",0.00063226084468636
"San Mateo","p19",0.00074617812002249
"Santa Barbara","p19",0.0023650668870479
"Santa Clara","p19",0.000877142021275492
"Santa Cruz","p19",0.000827193435158649
"Shasta","p19",0.000266548200799645
"Sierra","p19",0
"Siskiyou","p19",0.000298582879717035
"Solano","p19",0.000388702604530843
"Sonoma","p19",0.000477408078715691
"Stanislaus","p19",0.000361384520393709
"Tehama","p19",0.00015364759387868
"Trinity","p19",0.000325600325600326
"Tulare","p19",0.000403264728278939
"Tuolumne","p19",0.000183560336282536
"Ventura","p19",0.00125767429545417
"Yolo","p19",0.000530612244897959
"Yuba","p19",0.000139828138506127
"Alameda","v10",749
"Alpine","v10",1
"Amador","v10",9
"Butte","v10",74
"Calaveras","v10",18
"Colusa","v10",6
"Contra Costa","v10",897
"Del Norte","v10",7
"El Dorado","v10",128
"Fresno","v10",218
"Glenn","v10",3
"Humboldt","v10",54
"Imperial","v10",40
"Inyo","v10",5
"Kern","v10",381
"Kings","v10",41
"Lake","v10",8
"Lassen","v10",4
"Los Angeles","v10",6118
"Madera","v10",40
"Marin","v10",304
"Mariposa","v10",6
"Mendocino","v10",41
"Merced","v10",79
"Modoc","v10",1
"Mono","v10",12
"Monterey","v10",221
"Napa","v10",56
"Nevada","v10",56
"Orange","v10",2016
"Placer","v10",227
"Plumas","v10",3
"Riverside","v10",745
"Sacramento","v10",500
"San Benito","v10",19
"San Bernardino","v10",643
"San Diego","v10",1804
"San Joaquin","v10",229
"San Luis Obispo","v10",310
"San Mateo","v10",549
"Santa Barbara","v10",1513
"Santa Clara","v10",1227
"Santa Cruz","v10",238
"Shasta","v10",69
"Sierra","v10",1
"Siskiyou","v10",7
"Solano","v10",157
"Sonoma","v10",277
"Stanislaus","v10",175
"Tehama","v10",12
"Trinity","v10",3
"Tulare","v10",179
"Tuolumne","v10",11
"Ventura","v10",1296
"Yolo","v10",113
"Yuba","v10",11
"Alameda","v11",742
"Alpine","v11",0
"Amador","v11",10
"Butte","v11",62
"Calaveras","v11",16
"Colusa","v11",7
"Contra Costa","v11",824
"Del Norte","v11",4
"El Dorado","v11",126
"Fresno","v11",210
"Glenn","v11",4
"Humboldt","v11",45
"Imperial","v11",45
"Inyo","v11",2
"Kern","v11",366
"Kings","v11",44
"Lake","v11",6
"Lassen","v11",3
"Los Angeles","v11",6073
"Madera","v11",39
"Marin","v11",258
"Mariposa","v11",5
"Mendocino","v11",40
"Merced","v11",89
"Modoc","v11",2
"Mono","v11",12
"Monterey","v11",214
"Napa","v11",58
"Nevada","v11",56
"Orange","v11",1971
"Placer","v11",213
"Plumas","v11",3
"Riverside","v11",735
"Sacramento","v11",500
"San Benito","v11",19
"San Bernardino","v11",635
"San Diego","v11",1779
"San Joaquin","v11",208
"San Luis Obispo","v11",284
"San Mateo","v11",509
"Santa Barbara","v11",1343
"Santa Clara","v11",1220
"Santa Cruz","v11",226
"Shasta","v11",65
"Sierra","v11",1
"Siskiyou","v11",10
"Solano","v11",156
"Sonoma","v11",268
"Stanislaus","v11",162
"Tehama","v11",6
"Trinity","v11",3
"Tulare","v11",166
"Tuolumne","v11",14
"Ventura","v11",1250
"Yolo","v11",119
"Yuba","v11",11
"Alameda","v12",727
"Alpine","v12",0
"Amador","v12",6
"Butte","v12",59
"Calaveras","v12",14
"Colusa","v12",10
"Contra Costa","v12",771
"Del Norte","v12",3
"El Dorado","v12",115
"Fresno","v12",220
"Glenn","v12",4
"Humboldt","v12",38
"Imperial","v12",32
"Inyo","v12",4
"Kern","v12",327
"Kings","v12",45
"Lake","v12",7
"Lassen","v12",2
"Los Angeles","v12",6053
"Madera","v12",32
"Marin","v12",230
"Mariposa","v12",3
"Mendocino","v12",46
"Merced","v12",91
"Modoc","v12",2
"Mono","v12",8
"Monterey","v12",211
"Napa","v12",62
"Nevada","v12",57
"Orange","v12",1887
"Placer","v12",208
"Plumas","v12",2
"Riverside","v12",739
"Sacramento","v12",480
"San Benito","v12",17
"San Bernardino","v12",638
"San Diego","v12",1769
"San Joaquin","v12",195
"San Luis Obispo","v12",252
"San Mateo","v12",470
"Santa Barbara","v12",1222
"Santa Clara","v12",1201
"Santa Cruz","v12",201
"Shasta","v12",69
"Sierra","v12",1
"Siskiyou","v12",10
"Solano","v12",139
"Sonoma","v12",246
"Stanislaus","v12",163
"Tehama","v12",5
"Trinity","v12",3
"Tulare","v12",149
"Tuolumne","v12",15
"Ventura","v12",1144
"Yolo","v12",124
"Yuba","v12",14
"Alameda","vp13",771
"Alpine","vp13",0
"Amador","vp13",6
"Butte","vp13",55
"Calaveras","vp13",14
"Colusa","vp13",9
"Contra Costa","vp13",745
"Del Norte","vp13",4
"El Dorado","vp13",111
"Fresno","vp13",237
"Glenn","vp13",3
"Humboldt","vp13",34
"Imperial","vp13",34
"Inyo","vp13",6
"Kern","vp13",322
"Kings","vp13",46
"Lake","vp13",6
"Lassen","vp13",8
"Los Angeles","vp13",6012
"Madera","vp13",30
"Marin","vp13",211
"Mariposa","vp13",0
"Mendocino","vp13",41
"Merced","vp13",83
"Modoc","vp13",1
"Mono","vp13",7
"Monterey","vp13",216
"Napa","vp13",72
"Nevada","vp13",40
"Orange","vp13",1910
"Placer","vp13",198
"Plumas","vp13",3
"Riverside","vp13",738
"Sacramento","vp13",467
"San Benito","vp13",18
"San Bernardino","vp13",628
"San Diego","vp13",1729
"San Joaquin","vp13",173
"San Luis Obispo","vp13",225
"San Mateo","vp13",469
"Santa Barbara","vp13",1155
"Santa Clara","vp13",1261
"Santa Cruz","vp13",164
"Shasta","vp13",54
"Sierra","vp13",1
"Siskiyou","vp13",9
"Solano","vp13",137
"Sonoma","vp13",246
"Stanislaus","vp13",174
"Tehama","vp13",5
"Trinity","vp13",3
"Tulare","vp13",151
"Tuolumne","vp13",13
"Ventura","vp13",1043
"Yolo","vp13",118
"Yuba","vp13",14
"Alameda","v14",867
"Alpine","v14",0
"Amador","v14",7
"Butte","v14",58
"Calaveras","v14",16
"Colusa","v14",6
"Contra Costa","v14",762
"Del Norte","v14",4
"El Dorado","v14",105
"Fresno","v14",242
"Glenn","v14",3
"Humboldt","v14",32
"Imperial","v14",40
"Inyo","v14",7
"Kern","v14",308
"Kings","v14",46
"Lake","v14",5
"Lassen","v14",9
"Los Angeles","v14",5873
"Madera","v14",34
"Marin","v14",198
"Mariposa","v14",1
"Mendocino","v14",31
"Merced","v14",75
"Modoc","v14",1
"Mono","v14",6
"Monterey","v14",205
"Napa","v14",75
"Nevada","v14",46
"Orange","v14",1914
"Placer","v14",191
"Plumas","v14",2
"Riverside","v14",750
"Sacramento","v14",467
"San Benito","v14",23
"San Bernardino","v14",641
"San Diego","v14",1702
"San Joaquin","v14",178
"San Luis Obispo","v14",201
"San Mateo","v14",482
"Santa Barbara","v14",1000
"Santa Clara","v14",1335
"Santa Cruz","v14",180
"Shasta","v14",53
"Sierra","v14",1
"Siskiyou","v14",10
"Solano","v14",138
"Sonoma","v14",239
"Stanislaus","v14",189
"Tehama","v14",8
"Trinity","v14",3
"Tulare","v14",161
"Tuolumne","v14",18
"Ventura","v14",1004
"Yolo","v14",126
"Yuba","v14",13
"Alameda","v15",952
"Alpine","v15",0
"Amador","v15",4
"Butte","v15",46
"Calaveras","v15",11
"Colusa","v15",4
"Contra Costa","v15",795
"Del Norte","v15",3
"El Dorado","v15",102
"Fresno","v15",251
"Glenn","v15",3
"Humboldt","v15",32
"Imperial","v15",51
"Inyo","v15",10
"Kern","v15",295
"Kings","v15",47
"Lake","v15",7
"Lassen","v15",10
"Los Angeles","v15",5928
"Madera","v15",33
"Marin","v15",212
"Mariposa","v15",2
"Mendocino","v15",25
"Merced","v15",69
"Modoc","v15",0
"Mono","v15",5
"Monterey","v15",186
"Napa","v15",70
"Nevada","v15",35
"Orange","v15",1989
"Placer","v15",193
"Plumas","v15",0
"Riverside","v15",765
"Sacramento","v15",486
"San Benito","v15",22
"San Bernardino","v15",682
"San Diego","v15",1675
"San Joaquin","v15",198
"San Luis Obispo","v15",189
"San Mateo","v15",514
"Santa Barbara","v15",897
"Santa Clara","v15",1456
"Santa Cruz","v15",187
"Shasta","v15",59
"Sierra","v15",0
"Siskiyou","v15",8
"Solano","v15",123
"Sonoma","v15",228
"Stanislaus","v15",198
"Tehama","v15",7
"Trinity","v15",3
"Tulare","v15",150
"Tuolumne","v15",19
"Ventura","v15",955
"Yolo","v15",143
"Yuba","v15",15
"Alameda","v16",867
"Alpine","v16",0
"Amador","v16",3
"Butte","v16",37
"Calaveras","v16",12
"Colusa","v16",1
"Contra Costa","v16",694
"Del Norte","v16",3
"El Dorado","v16",91
"Fresno","v16",229
"Glenn","v16",5
"Humboldt","v16",32
"Imperial","v16",47
"Inyo","v16",9
"Kern","v16",259
"Kings","v16",36
"Lake","v16",7
"Lassen","v16",6
"Los Angeles","v16",5242
"Madera","v16",31
"Marin","v16",179
"Mariposa","v16",2
"Mendocino","v16",18
"Merced","v16",67
"Modoc","v16",0
"Mono","v16",3
"Monterey","v16",170
"Napa","v16",55
"Nevada","v16",28
"Orange","v16",1777
"Placer","v16",161
"Plumas","v16",0
"Riverside","v16",718
"Sacramento","v16",459
"San Benito","v16",22
"San Bernardino","v16",619
"San Diego","v16",1515
"San Joaquin","v16",186
"San Luis Obispo","v16",153
"San Mateo","v16",447
"Santa Barbara","v16",633
"Santa Clara","v16",1313
"Santa Cruz","v16",161
"Shasta","v16",44
"Sierra","v16",0
"Siskiyou","v16",10
"Solano","v16",116
"Sonoma","v16",194
"Stanislaus","v16",173
"Tehama","v16",8
"Trinity","v16",2
"Tulare","v16",151
"Tuolumne","v16",16
"Ventura","v16",750
"Yolo","v16",112
"Yuba","v16",12
"Alameda","v17",910
"Alpine","v17",0
"Amador","v17",6
"Butte","v17",43
"Calaveras","v17",13
"Colusa","v17",1
"Contra Costa","v17",754
"Del Norte","v17",2
"El Dorado","v17",86
"Fresno","v17",228
"Glenn","v17",4
"Humboldt","v17",32
"Imperial","v17",44
"Inyo","v17",5
"Kern","v17",256
"Kings","v17",43
"Lake","v17",7
"Lassen","v17",6
"Los Angeles","v17",5211
"Madera","v17",26
"Marin","v17",193
"Mariposa","v17",3
"Mendocino","v17",23
"Merced","v17",80
"Modoc","v17",0
"Mono","v17",3
"Monterey","v17",181
"Napa","v17",59
"Nevada","v17",35
"Orange","v17",1786
"Placer","v17",188
"Plumas","v17",0
"Riverside","v17",727
"Sacramento","v17",465
"San Benito","v17",21
"San Bernardino","v17",646
"San Diego","v17",1553
"San Joaquin","v17",196
"San Luis Obispo","v17",158
"San Mateo","v17",470
"Santa Barbara","v17",730
"Santa Clara","v17",1376
"Santa Cruz","v17",174
"Shasta","v17",45
"Sierra","v17",0
"Siskiyou","v17",14
"Solano","v17",117
"Sonoma","v17",194
"Stanislaus","v17",181
"Tehama","v17",9
"Trinity","v17",1
"Tulare","v17",166
"Tuolumne","v17",12
"Ventura","v17",806
"Yolo","v17",121
"Yuba","v17",10
"Alameda","v18",961
"Alpine","v18",0
"Amador","v18",10
"Butte","v18",44
"Calaveras","v18",11
"Colusa","v18",3
"Contra Costa","v18",777
"Del Norte","v18",3
"El Dorado","v18",81
"Fresno","v18",238
"Glenn","v18",3
"Humboldt","v18",41
"Imperial","v18",52
"Inyo","v18",4
"Kern","v18",276
"Kings","v18",39
"Lake","v18",6
"Lassen","v18",6
"Los Angeles","v18",5191
"Madera","v18",30
"Marin","v18",211
"Mariposa","v18",3
"Mendocino","v18",27
"Merced","v18",87
"Modoc","v18",1
"Mono","v18",2
"Monterey","v18",165
"Napa","v18",56
"Nevada","v18",36
"Orange","v18",1814
"Placer","v18",172
"Plumas","v18",1
"Riverside","v18",747
"Sacramento","v18",472
"San Benito","v18",26
"San Bernardino","v18",654
"San Diego","v18",1538
"San Joaquin","v18",190
"San Luis Obispo","v18",164
"San Mateo","v18",466
"Santa Barbara","v18",775
"Santa Clara","v18",1449
"Santa Cruz","v18",188
"Shasta","v18",39
"Sierra","v18",0
"Siskiyou","v18",15
"Solano","v18",137
"Sonoma","v18",190
"Stanislaus","v18",183
"Tehama","v18",8
"Trinity","v18",4
"Tulare","v18",156
"Tuolumne","v18",12
"Ventura","v18",829
"Yolo","v18",112
"Yuba","v18",10
"Alameda","v19",1060
"Alpine","v19",0
"Amador","v19",13
"Butte","v19",68
"Calaveras","v19",16
"Colusa","v19",4
"Contra Costa","v19",933
"Del Norte","v19",4
"El Dorado","v19",89
"Fresno","v19",291
"Glenn","v19",6
"Humboldt","v19",39
"Imperial","v19",66
"Inyo","v19",5
"Kern","v19",338
"Kings","v19",50
"Lake","v19",12
"Lassen","v19",5
"Los Angeles","v19",5965
"Madera","v19",39
"Marin","v19",245
"Mariposa","v19",3
"Mendocino","v19",26
"Merced","v19",100
"Modoc","v19",1
"Mono","v19",4
"Monterey","v19",209
"Napa","v19",71
"Nevada","v19",30
"Orange","v19",2026
"Placer","v19",189
"Plumas","v19",2
"Riverside","v19",815
"Sacramento","v19",535
"San Benito","v19",34
"San Bernardino","v19",765
"San Diego","v19",1686
"San Joaquin","v19",241
"San Luis Obispo","v19",179
"San Mateo","v19",572
"Santa Barbara","v19",1056
"Santa Clara","v19",1691
"Santa Cruz","v19",226
"Shasta","v19",48
"Sierra","v19",0
"Siskiyou","v19",13
"Solano","v19",174
"Sonoma","v19",236
"Stanislaus","v19",199
"Tehama","v19",10
"Trinity","v19",4
"Tulare","v19",188
"Tuolumne","v19",10
"Ventura","v19",1064
"Yolo","v19",117
"Yuba","v19",11
"Alameda","v20",1016
"Alpine","v20",0
"Amador","v20",13
"Butte","v20",76
"Calaveras","v20",18
"Colusa","v20",4
"Contra Costa","v20",907
"Del Norte","v20",5
"El Dorado","v20",90
"Fresno","v20",284
"Glenn","v20",7
"Humboldt","v20",42
"Imperial","v20",65
"Inyo","v20",6
"Kern","v20",362
"Kings","v20",56
"Lake","v20",12
"Lassen","v20",6
"Los Angeles","v20",5685
"Madera","v20",35
"Marin","v20",268
"Mariposa","v20",6
"Mendocino","v20",33
"Merced","v20",97
"Modoc","v20",1
"Mono","v20",4
"Monterey","v20",209
"Napa","v20",76
"Nevada","v20",29
"Orange","v20",1989
"Placer","v20",201
"Plumas","v20",2
"Riverside","v20",831
"Sacramento","v20",535
"San Benito","v20",29
"San Bernardino","v20",817
"San Diego","v20",1636
"San Joaquin","v20",255
"San Luis Obispo","v20",181
"San Mateo","v20",581
"Santa Barbara","v20",1011
"Santa Clara","v20",1791
"Santa Cruz","v20",213
"Shasta","v20",45
"Sierra","v20",0
"Siskiyou","v20",12
"Solano","v20",164
"Sonoma","v20",260
"Stanislaus","v20",210
"Tehama","v20",10
"Trinity","v20",2
"Tulare","v20",194
"Tuolumne","v20",9
"Ventura","v20",1048
"Yolo","v20",108
"Yuba","v20",16
"Alameda","v21",1057
"Alpine","v21",0
"Amador","v21",12
"Butte","v21",67
"Calaveras","v21",19
"Colusa","v21",5
"Contra Costa","v21",933
"Del Norte","v21",9
"El Dorado","v21",112
"Fresno","v21",268
"Glenn","v21",8
"Humboldt","v21",42
"Imperial","v21",59
"Inyo","v21",5
"Kern","v21",372
"Kings","v21",47
"Lake","v21",13
"Lassen","v21",5
"Los Angeles","v21",5670
"Madera","v21",31
"Marin","v21",293
"Mariposa","v21",5
"Mendocino","v21",37
"Merced","v21",107
"Modoc","v21",2
"Mono","v21",4
"Monterey","v21",215
"Napa","v21",73
"Nevada","v21",32
"Orange","v21",2065
"Placer","v21",198
"Plumas","v21",1
"Riverside","v21",819
"Sacramento","v21",546
"San Benito","v21",28
"San Bernardino","v21",800
"San Diego","v21",1612
"San Joaquin","v21",277
"San Luis Obispo","v21",195
"San Mateo","v21",617
"Santa Barbara","v21",964
"Santa Clara","v21",1878
"Santa Cruz","v21",178
"Shasta","v21",51
"Sierra","v21",0
"Siskiyou","v21",7
"Solano","v21",151
"Sonoma","v21",273
"Stanislaus","v21",217
"Tehama","v21",12
"Trinity","v21",4
"Tulare","v21",192
"Tuolumne","v21",8
"Ventura","v21",1046
"Yolo","v21",114
"Yuba","v21",19
